Redirect from,Redirect to
/product/fish-armor-shuttle-v2023/,/products/fish-armor-shuttle-v2024
/product/transducer-protector-and-pole-holder-bracket/,/products/transducer-protector-and-pole-holder-bracket
/product/sae-charging-port/,/products/sae-charging-port
/product/dual-rod-holder/,/products/dual-rod-holder
/product/gear-pouch/,/products/gear-pouch
/product/shelf-tool-holder/,/products/shelf-tool-holder
/product/cup-holder/,/products/cup-holder
/product/rattle-wheel/,/products/rattle-wheel
/product/17-bump-board/,/products/17-bump-board
/product/clamlock-puck-installation-riveted/,/products/clamlock-puck-installation-riveted
/product/15-ah-lithium-lifepo4-w-charger/,/products/15ah-lithium-battery-lifepo4
/product/20-ah-lithium-lifepo4-w-charger/,/products/20ah-lithium-battery-lifepo4
/product/30-ah-lithium-wide-lifepo4-w-charger/,/products/30ah-lithium-battery-lifepo4-wide
/product/32-ah-lithium-14-8v-nmc-w-charger/,/products/32ah-lithium-battery-14-8v-nmc-with-charger-bluetooth
/product/52-ah-lithium-14-8v-nmc-w-charger/,/products/52ah-lithium-battery-14-8v-nmc-with-charger-bluetooth
/product/back-pack-system/,/products/back-pack-system
/product/panoptix-lvs32-transducer/,/products/panoptix-lvs32-transducer
/product/all-in-one-power-cable/,/products/all-in-one-power-cable
/product/helix-8-chirp-mega-di-gps-g4n-cho/,/products/helix-8-chirp-mega-di-gps-g4n-cho
/product/helix-9-chirp-mega-di-gps-g4n-cho/,/products/helix-9-chirp-mega-di-gps-g4n-cho
/product/helix-10-chirp-mega-di-gps-g4n-chor/,/products/helix-10-chirp-mega-di-gps-g4n-chor
/product/mega-live/,/products/mega-live
/product/livescope-plus-system-with-gls-10-and-lvs34-transducer/,/products/livescope-plus-system-with-gls-10-and-lvs34-transducer
/product/elite-fs-9-no-transducer/,/products/elite-fs-9-no-transducer
/product/activetarget-transducer-only/,/products/activetarget-transducer-only
/product/activetarget-module-only/,/products/activetarget-module-only
/product/hds-pro-9-no-transducer/,/products/hds-pro-9-no-transducer
/product/hds-pro-10-no-transducer/,/products/hds-pro-10-no-transducer
/product/garmin-echomap-ultra-106sv-chartplotter/,/products/garmin-echomap-ultra-106sv-chartplotter
/product/19ah-lithium-battery-14-8v-nmc-with-charger/,/products/19ah-lithium-battery-14-8v-nmc-with-charger-1
/product/fish-armor-shuttle-v2024/,/products/fish-armor-shuttle-v2024
/product/2-led-300-lumen-fish-armor-shuttle-lights/,/products/2-led-300-lumen-fish-armor-shuttle-lights
/product/humminbird-ice-helix-7-chirp-gn4/,/products/humminbird-ice-helix-7-chirp-gn4
/product/humminbird-ice-helix-7-chirp-gps-g4-as/,/products/humminbird-ice-helix-7-chirp-gps-g4-as
/product/marcum-lx-7l-lithium-equipped-sonar-system/,/products/marcum-lx-7l-lithium-equipped-sonar-system
/product/marcum-m3l-flasher-cp4/,/products/marcum-m3l-flasher-cp4
/product/marcum-m5l-flasher-cp4/,/products/marcum-m5l-flasher-cp4
/product/marcum-mx7-gps-sonar/,/products/marcum-mx7-gps-sonar
/product/marcum-mx7-gpsli-sonar/,/products/marcum-mx7-gpsli-sonar
/product/strikemaster-lfvlf-10/,/products/strikemaster-lfvlf-10
/product/marcum-m3l-flasher-cp4-2/,/products/marcum-m3l-flasher-cp4
/product/fish-armor-garmin-93sv-uhd2-bundle-ice-show-demo/,/products/fish-armor-garmin-93sv-uhd2-bundle-ice-show-demo
/product/garmin-93sv-uhd2-live-scope-plus-bundle/,/products/garmin-93sv-uhd2-live-scope-plus-bundle
/product/fish-armor-pro-extreme/,/products/fish-armor-pro-extreme
/product/fish-armor-pro-lite/,/products/fish-armor-pro-lite
/product/docking-plate/,/products/docking-plate
/product/larmac-360/,/products/larmac-360
/product/fish-armor-shelf/,/products/fish-armor-shelf
/product/pro-extreme-pole-holder/,/products/pro-extreme-pole-holder
/product/pro-lite-pole-holder/,/products/pro-lite-pole-holder
/product/pro-extreme-transducer-protector-2/,/products/pro-extreme-transducer-protector-2
/product/pro-extreme-shoulder-strap/,/products/pro-extreme-shoulder-strap
/product/1997/,/products/1997
/product/garmin-gps-map-8610/,/products/garmin-gps-map-8610
/product/gpsmap-8612-12/,/products/gpsmap-8612-12
/product/echomap-ultra-2-126sv-12/,/products/echomap-ultra-2-126sv-12
/product/pro-lite-protective-back-plate/,/products/pro-lite-protective-back-plate
/product/pro-pole-garmin-lowrance-pole-end/,/products/pro-pole-garmin-lowrance-pole-end
/product/pro-pole-replacement-end-humminbird/,/products/pro-pole-replacement-end-humminbird
/product/pro-pole-16-replacement-handle/,/products/pro-pole-16-replacement-handle
/product/pro-pole-8-replacement-handle/,/products/pro-pole-8-replacement-handle
/product/garmin-replacement-nuts/,/products/garmin-replacement-nuts
/product/pro-extreme-wheelhouse-edition/,/products/pro-extreme-wheelhouse-edition
/product/the-hole-hopper-pro-lite-garmin-bundle/,/products/the-hole-hopper-pro-lite-garmin-bundle
/product/pro-extreme-hdmi-port/,/products/pro-extreme-hdmi-port
/product/pro-extreme-wheelhouse-edition-copy/,/products/pro-extreme-wheelhouse-edition
/product/2257/,/products/2257
/product/fisharmor-pro-pole/,/products/fisharmor-pro-pole
/product/pro-pole-boat-mount-arm-by-traxtech/,/products/pro-pole-boat-mount-arm-by-traxtech
/product/traxstech-mounting-track/,/products/traxstech-mounting-track
/product/traxstech-t-bolt-mounting-brackets/,/products/traxstech-t-bolt-mounting-brackets
/product/traxstech-lift-and-turn-mount-for-fish-armor-shuttles/,/products/traxstech-lift-and-turn-mount-for-fish-armor-shuttles
/product/rail-clamps/,/products/rail-clamps
/product/narrow-gunwale-clamp/,/products/narrow-gunwale-clamp
/product/traxstech-2-wide-t-track-and-rail-mounting-brackets/,/products/traxstech-2-wide-t-track-and-rail-mounting-brackets
/product/pro-pole-claw-mount/,/products/pro-pole-claw-mount
/product/pro-pole-ice-tripod/,/products/pro-pole-ice-tripod
/product/pro-pole-thumb-screws-2/,/products/pro-pole-thumb-screws-2
/product/blank-pro-pole-replacement/,/products/blank-pro-pole-replacement
/product/3521/,/products/3521
/product-category/accessories/,/collections/accessories
/product-category/fish-armor/,/collections/shuttles
/product-category/clamlock-gear/,/collections/accessories
/product-category/lithium-batteries/,/collections/batteries
/product-category/fish-finders/,/collections/electronics
/product-category/augers/,/collections/accessories
/product-category/accessories/pro-pole-accessories/,/collections/pro-pole-accessories
/product-category/accessories/pro-extreme/,/collections/pro-extreme
/product-category/accessories/pro-lite-accessories/,/collections/pro-lite
/product-category/accessories/v2024-accessories/,/collections/accessories
/product-category/boat-mounts/,/collections/boat-mounts
/shop/,/collections/all
/my-account/,/account
/privacy-policy/,/policies/privacy-policy
/terms-and-conditions/,/policies/terms-of-service
/refund_returns/,/policies/refund-policy
/contact-us/,/pages/contact
/assembly-for-v2023/,/pages/v2024-assembly-instructions
/assembly/,/pages/assembly-instructions
/accessory-installation/,/pages/assembly-instructions
/where-to-buy/,/pages/contact
/location/blades-bait-and-tackle/,/
/location/dewey-catchem-and-how/,/
/location/timberline-sports/,/
/location/west-wind-resort/,/
/location/irlbeck-outdoors/,/
/location/joes-sporting-goods-2/,/
/location/last-cast-bait-tackl/,/
/location/marine-general/,/
/location/landers-northside-bait/,/
/location/mels-sport-shop/,/
/location/outdoors-again/,/
/location/the-rooster/,/
/location/lake-region-co-op/,/
/location/clear-lake-bait-tackle/,/
/location/fish-trap-camping-rv/,/
/location/h-h-sport-shop/,/
/location/ejs-beacon-harbor-resort/,/
/location/runnings/,/
/location/runnings-2/,/
/location/prince-bait-marine/,/
/location/2352/,/
/location/2629/,/
/location/2876/,/
/location/3197/,/
/location/tutts-bait-tackle/,/
/location/team-one-stop-outdoors/,/
/cart/,/cart
/checkout/,/checkout
